id;code;name;id3;epi_valide;p65_valide
C00;C00;Bösartige Neubildung der Lippe;C00;True;
C000;C00.0;Bösartige Neubildung: Äußere Oberlippe;C00;True;True
C001;C00.1;Bösartige Neubildung: Äußere Unterlippe;C00;True;True
C002;C00.2;Bösartige Neubildung: Äußere Lippe, nicht näher bezeichnet;C00;True;True
C003;C00.3;Bösartige Neubildung: Oberlippe, Innenseite;C00;True;True
C004;C00.4;Bösartige Neubildung: Unterlippe, Innenseite;C00;True;True
C005;C00.5;Bösartige Neubildung: Lippe, nicht näher bezeichnet, Innenseite;C00;True;True
C006;C00.6;Bösartige Neubildung: Lippenkommissur;C00;True;True
C008;C00.8;Bösartige Neubildung: Lippe, mehrere Teilbereiche überlappend;C00;True;True
C009;C00.9;Bösartige Neubildung: Lippe, nicht näher bezeichnet;C00;True;True
C01;C01;Bösartige Neubildung des Zungengrundes;C01;True;True
C02;C02;Bösartige Neubildung sonstiger und nicht näher bezeichneter Teile der Zunge;C02;True;
C020;C02.0;Bösartige Neubildung: Zungenrücken;C02;True;True
C021;C02.1;Bösartige Neubildung: Zungenrand;C02;True;True
C022;C02.2;Bösartige Neubildung: Zungenunterfläche;C02;True;True
C023;C02.3;Bösartige Neubildung: Vordere zwei Drittel der Zunge, Bereich nicht näher bezeichnet;C02;True;True
C024;C02.4;Bösartige Neubildung: Zungentonsille;C02;True;True
C028;C02.8;Bösartige Neubildung: Zunge, mehrere Teilbereiche überlappend;C02;True;True
C029;C02.9;Bösartige Neubildung: Zunge, nicht näher bezeichnet;C02;True;True
C03;C03;Bösartige Neubildung des Zahnfleisches;C03;True;
C030;C03.0;Bösartige Neubildung: Oberkieferzahnfleisch;C03;True;True
C031;C03.1;Bösartige Neubildung: Unterkieferzahnfleisch;C03;True;True
C039;C03.9;Bösartige Neubildung: Zahnfleisch, nicht näher bezeichnet;C03;True;True
C04;C04;Bösartige Neubildung des Mundbodens;C04;True;
C040;C04.0;Bösartige Neubildung: Vorderer Teil des Mundbodens;C04;True;True
C041;C04.1;Bösartige Neubildung: Seitlicher Teil des Mundbodens;C04;True;True
C048;C04.8;Bösartige Neubildung: Mundboden, mehrere Teilbereiche überlappend;C04;True;True
C049;C04.9;Bösartige Neubildung: Mundboden, nicht näher bezeichnet;C04;True;True
C05;C05;Bösartige Neubildung des Gaumens;C05;True;
C050;C05.0;Bösartige Neubildung: Harter Gaumen;C05;True;True
C051;C05.1;Bösartige Neubildung: Weicher Gaumen;C05;True;True
C052;C05.2;Bösartige Neubildung: Uvula;C05;True;True
C058;C05.8;Bösartige Neubildung: Gaumen, mehrere Teilbereiche überlappend;C05;True;True
C059;C05.9;Bösartige Neubildung: Gaumen, nicht näher bezeichnet;C05;True;True
C06;C06;Bösartige Neubildung sonstiger und nicht näher bezeichneter Teile des Mundes;C06;True;
C060;C06.0;Bösartige Neubildung: Wangenschleimhaut;C06;True;True
C061;C06.1;Bösartige Neubildung: Vestibulum oris;C06;True;True
C062;C06.2;Bösartige Neubildung: Retromolarregion;C06;True;True
C068;C06.8;Bösartige Neubildung: Sonstige und nicht näher bezeichnete Teile des Mundes, mehrere Teilbereiche überlappend;C06;True;True
C069;C06.9;Bösartige Neubildung: Mund, nicht näher bezeichnet;C06;True;True
C07;C07;Bösartige Neubildung der Parotis;C07;True;True
C08;C08;Bösartige Neubildung sonstiger und nicht näher bezeichneter großer Speicheldrüsen;C08;True;
C080;C08.0;Bösartige Neubildung: Glandula submandibularis;C08;True;True
C081;C08.1;Bösartige Neubildung: Glandula sublingualis;C08;True;True
C088;C08.8;Bösartige Neubildung: Große Speicheldrüsen, mehrere Teilbereiche überlappend;C08;True;True
C089;C08.9;Bösartige Neubildung: Große Speicheldrüse, nicht näher bezeichnet;C08;True;True
C09;C09;Bösartige Neubildung der Tonsille;C09;True;
C090;C09.0;Bösartige Neubildung: Fossa tonsillaris;C09;True;True
C091;C09.1;Bösartige Neubildung: Gaumenbogen (vorderer) (hinterer);C09;True;True
C098;C09.8;Bösartige Neubildung: Tonsille, mehrere Teilbereiche überlappend;C09;True;True
C099;C09.9;Bösartige Neubildung: Tonsille, nicht näher bezeichnet;C09;True;True
C10;C10;Bösartige Neubildung des Oropharynx;C10;True;
C100;C10.0;Bösartige Neubildung: Vallecula epiglottica;C10;True;True
C101;C10.1;Bösartige Neubildung: Vorderfläche der Epiglottis;C10;True;True
C102;C10.2;Bösartige Neubildung: Seitenwand des Oropharynx;C10;True;True
C103;C10.3;Bösartige Neubildung: Hinterwand des Oropharynx;C10;True;True
C104;C10.4;Bösartige Neubildung: Kiemengang;C10;True;True
C108;C10.8;Bösartige Neubildung: Oropharynx, mehrere Teilbereiche überlappend;C10;True;True
C109;C10.9;Bösartige Neubildung: Oropharynx, nicht näher bezeichnet;C10;True;True
C11;C11;Bösartige Neubildung des Nasopharynx;C11;True;
C110;C11.0;Bösartige Neubildung: Obere Wand des Nasopharynx;C11;True;True
C111;C11.1;Bösartige Neubildung: Hinterwand des Nasopharynx;C11;True;True
C112;C11.2;Bösartige Neubildung: Seitenwand des Nasopharynx;C11;True;True
C113;C11.3;Bösartige Neubildung: Vorderwand des Nasopharynx;C11;True;True
C118;C11.8;Bösartige Neubildung: Nasopharynx, mehrere Teilbereiche überlappend;C11;True;True
C119;C11.9;Bösartige Neubildung: Nasopharynx, nicht näher bezeichnet;C11;True;True
C12;C12;Bösartige Neubildung des Recessus piriformis;C12;True;True
C13;C13;Bösartige Neubildung des Hypopharynx;C13;True;
C130;C13.0;Bösartige Neubildung: Regio postcricoidea;C13;True;True
C131;C13.1;Bösartige Neubildung: Aryepiglottische Falte, hypopharyngeale Seite;C13;True;True
C132;C13.2;Bösartige Neubildung: Hinterwand des Hypopharynx;C13;True;True
C138;C13.8;Bösartige Neubildung: Hypopharynx, mehrere Teilbereiche überlappend;C13;True;True
C139;C13.9;Bösartige Neubildung: Hypopharynx, nicht näher bezeichnet;C13;True;True
C14;C14;Bösartige Neubildung sonstiger und ungenau bezeichneter Lokalisationen der Lippe, der Mundhöhle und des Pharynx;C14;True;
C140;C14.0;Bösartige Neubildung: Pharynx, nicht näher bezeichnet;C14;True;True
C142;C14.2;Bösartige Neubildung: Lymphatischer Rachenring [Waldeyer];C14;True;True
C148;C14.8;Bösartige Neubildung: Lippe, Mundhöhle und Pharynx, mehrere Teilbereiche überlappend;C14;True;True
C15;C15;Bösartige Neubildung des Ösophagus;C15;True;
C150;C15.0;Bösartige Neubildung: Zervikaler Ösophagus;C15;True;True
C151;C15.1;Bösartige Neubildung: Thorakaler Ösophagus;C15;True;True
C152;C15.2;Bösartige Neubildung: Abdominaler Ösophagus;C15;True;True
C153;C15.3;Bösartige Neubildung: Ösophagus, oberes Drittel;C15;True;True
C154;C15.4;Bösartige Neubildung: Ösophagus, mittleres Drittel;C15;True;True
C155;C15.5;Bösartige Neubildung: Ösophagus, unteres Drittel;C15;True;True
C158;C15.8;Bösartige Neubildung: Ösophagus, mehrere Teilbereiche überlappend;C15;True;True
C159;C15.9;Bösartige Neubildung: Ösophagus, nicht näher bezeichnet;C15;True;True
C16;C16;Bösartige Neubildung des Magens;C16;True;
C160;C16.0;Bösartige Neubildung: Kardia;C16;True;True
C161;C16.1;Bösartige Neubildung: Fundus ventriculi;C16;True;True
C162;C16.2;Bösartige Neubildung: Corpus ventriculi;C16;True;True
C163;C16.3;Bösartige Neubildung: Antrum pyloricum;C16;True;True
C164;C16.4;Bösartige Neubildung: Pylorus;C16;True;True
C165;C16.5;Bösartige Neubildung: Kleine Kurvatur des Magens, nicht näher bezeichnet;C16;True;True
C166;C16.6;Bösartige Neubildung: Große Kurvatur des Magens, nicht näher bezeichnet;C16;True;True
C168;C16.8;Bösartige Neubildung: Magen, mehrere Teilbereiche überlappend;C16;True;True
C169;C16.9;Bösartige Neubildung: Magen, nicht näher bezeichnet;C16;True;True
C17;C17;Bösartige Neubildung des Dünndarmes;C17;True;
C170;C17.0;Bösartige Neubildung: Duodenum;C17;True;True
C171;C17.1;Bösartige Neubildung: Jejunum;C17;True;True
C172;C17.2;Bösartige Neubildung: Ileum;C17;True;True
C173;C17.3;Bösartige Neubildung: Meckel-Divertikel;C17;True;True
C178;C17.8;Bösartige Neubildung: Dünndarm, mehrere Teilbereiche überlappend;C17;True;True
C179;C17.9;Bösartige Neubildung: Dünndarm, nicht näher bezeichnet;C17;True;True
C18;C18;Bösartige Neubildung des Kolons;C18;True;
C180;C18.0;Bösartige Neubildung: Zäkum;C18;True;True
C181;C18.1;Bösartige Neubildung: Appendix vermiformis;C18;True;True
C182;C18.2;Bösartige Neubildung: Colon ascendens;C18;True;True
C183;C18.3;Bösartige Neubildung: Flexura coli dextra [hepatica];C18;True;True
C184;C18.4;Bösartige Neubildung: Colon transversum;C18;True;True
C185;C18.5;Bösartige Neubildung: Flexura coli sinistra [lienalis];C18;True;True
C186;C18.6;Bösartige Neubildung: Colon descendens;C18;True;True
C187;C18.7;Bösartige Neubildung: Colon sigmoideum;C18;True;True
C188;C18.8;Bösartige Neubildung: Kolon, mehrere Teilbereiche überlappend;C18;True;True
C189;C18.9;Bösartige Neubildung: Kolon, nicht näher bezeichnet;C18;True;True
C19;C19;Bösartige Neubildung am Rektosigmoid, Übergang;C19;True;True
C20;C20;Bösartige Neubildung des Rektums;C20;True;True
C21;C21;Bösartige Neubildung des Anus und des Analkanals;C21;True;
C210;C21.0;Bösartige Neubildung: Anus, nicht näher bezeichnet;C21;True;True
C211;C21.1;Bösartige Neubildung: Analkanal;C21;True;True
C212;C21.2;Bösartige Neubildung: Kloakenregion;C21;True;True
C218;C21.8;Bösartige Neubildung: Rektum, Anus und Analkanal, mehrere Teilbereiche überlappend;C21;True;True
C22;C22;Bösartige Neubildung der Leber und der intrahepatischen Gallengänge;C22;True;
C220;C22.0;Bösartige Neubildung: Leberzellkarzinom;C22;True;True
C221;C22.1;Bösartige Neubildung: Intrahepatisches Gallengangskarzinom;C22;True;True
C222;C22.2;Bösartige Neubildung: Hepatoblastom;C22;True;True
C223;C22.3;Bösartige Neubildung: Angiosarkom der Leber;C22;True;True
C224;C22.4;Bösartige Neubildung: Sonstige Sarkome der Leber;C22;True;True
C227;C22.7;Bösartige Neubildung: Sonstige näher bezeichnete Karzinome der Leber;C22;True;True
C229;C22.9;Bösartige Neubildung: Leber, nicht näher bezeichnet;C22;True;True
C23;C23;Bösartige Neubildung der Gallenblase;C23;True;True
C24;C24;Bösartige Neubildung sonstiger und nicht näher bezeichneter Teile der Gallenwege;C24;True;
C240;C24.0;Bösartige Neubildung: Extrahepatischer Gallengang;C24;True;True
C241;C24.1;Bösartige Neubildung: Ampulla hepatopancreatica [Ampulla Vateri];C24;True;True
C248;C24.8;Bösartige Neubildung: Gallenwege, mehrere Teilbereiche überlappend;C24;True;True
C249;C24.9;Bösartige Neubildung: Gallenwege, nicht näher bezeichnet;C24;True;True
C25;C25;Bösartige Neubildung des Pankreas;C25;True;
C250;C25.0;Bösartige Neubildung: Pankreaskopf;C25;True;True
C251;C25.1;Bösartige Neubildung: Pankreaskörper;C25;True;True
C252;C25.2;Bösartige Neubildung: Pankreasschwanz;C25;True;True
C253;C25.3;Bösartige Neubildung: Ductus pancreaticus;C25;True;True
C254;C25.4;Bösartige Neubildung: Endokriner Drüsenanteil des Pankreas;C25;True;True
C257;C25.7;Bösartige Neubildung: Sonstige Teile des Pankreas;C25;True;True
C258;C25.8;Bösartige Neubildung: Pankreas, mehrere Teilbereiche überlappend;C25;True;True
C259;C25.9;Bösartige Neubildung: Pankreas, nicht näher bezeichnet;C25;True;True
C26;C26;Bösartige Neubildung sonstiger und ungenau bezeichneter Verdauungsorgane;C26;True;
C260;C26.0;Bösartige Neubildung: Intestinaltrakt, Teil nicht näher bezeichnet;C26;True;True
C261;C26.1;Bösartige Neubildung: Milz;C26;True;True
C268;C26.8;Bösartige Neubildung: Verdauungssystem, mehrere Teilbereiche überlappend;C26;True;True
C269;C26.9;Bösartige Neubildung: Ungenau bezeichnete Lokalisationen des Verdauungssystems;C26;True;True
C30;C30;Bösartige Neubildung der Nasenhöhle und des Mittelohres;C30;True;
C300;C30.0;Bösartige Neubildung: Nasenhöhle;C30;True;True
C301;C30.1;Bösartige Neubildung: Mittelohr;C30;True;True
C31;C31;Bösartige Neubildung der Nasennebenhöhlen;C31;True;
C310;C31.0;Bösartige Neubildung: Sinus maxillaris [Kieferhöhle];C31;True;True
C311;C31.1;Bösartige Neubildung: Sinus ethmoidalis [Siebbeinzellen];C31;True;True
C312;C31.2;Bösartige Neubildung: Sinus frontalis [Stirnhöhle];C31;True;True
C313;C31.3;Bösartige Neubildung: Sinus sphenoidalis [Keilbeinhöhle];C31;True;True
C318;C31.8;Bösartige Neubildung: Nasennebenhöhlen, mehrere Teilbereiche überlappend;C31;True;True
C319;C31.9;Bösartige Neubildung: Nasennebenhöhle, nicht näher bezeichnet;C31;True;True
C32;C32;Bösartige Neubildung des Larynx;C32;True;
C320;C32.0;Bösartige Neubildung: Glottis;C32;True;True
C321;C32.1;Bösartige Neubildung: Supraglottis;C32;True;True
C322;C32.2;Bösartige Neubildung: Subglottis;C32;True;True
C323;C32.3;Bösartige Neubildung: Larynxknorpel;C32;True;True
C328;C32.8;Bösartige Neubildung: Larynx, mehrere Teilbereiche überlappend;C32;True;True
C329;C32.9;Bösartige Neubildung: Larynx, nicht näher bezeichnet;C32;True;True
C33;C33;Bösartige Neubildung der Trachea;C33;True;True
C34;C34;Bösartige Neubildung der Bronchien und der Lunge;C34;True;
C340;C34.0;Bösartige Neubildung: Hauptbronchus;C34;True;True
C341;C34.1;Bösartige Neubildung: Oberlappen (-Bronchus);C34;True;True
C342;C34.2;Bösartige Neubildung: Mittellappen (-Bronchus);C34;True;True
C343;C34.3;Bösartige Neubildung: Unterlappen (-Bronchus);C34;True;True
C348;C34.8;Bösartige Neubildung: Bronchus und Lunge, mehrere Teilbereiche überlappend;C34;True;True
C349;C34.9;Bösartige Neubildung: Bronchus oder Lunge, nicht näher bezeichnet;C34;True;True
C37;C37;Bösartige Neubildung des Thymus;C37;True;True
C38;C38;Bösartige Neubildung des Herzens, des Mediastinums und der Pleura;C38;True;
C380;C38.0;Bösartige Neubildung: Herz;C38;True;True
C381;C38.1;Bösartige Neubildung: Vorderes Mediastinum;C38;True;True
C382;C38.2;Bösartige Neubildung: Hinteres Mediastinum;C38;True;True
C383;C38.3;Bösartige Neubildung: Mediastinum, Teil nicht näher bezeichnet;C38;True;True
C384;C38.4;Bösartige Neubildung: Pleura;C38;True;True
C388;C38.8;Bösartige Neubildung: Herz, Mediastinum und Pleura, mehrere Teilbereiche überlappend;C38;True;True
C39;C39;Bösartige Neubildung sonstiger und ungenau bezeichneter Lokalisationen des Atmungssystems und sonstiger intrathorakaler Organe;C39;True;
C390;C39.0;Bösartige Neubildung: Obere Atemwege, Teil nicht näher bezeichnet;C39;True;True
C398;C39.8;Bösartige Neubildung: Atmungsorgane und sonstige intrathorakale Organe, mehrere Teilbereiche überlappend;C39;True;True
C399;C39.9;Bösartige Neubildung: Ungenau bezeichnete Lokalisationen des Atmungssystems;C39;True;True
C40;C40;Bösartige Neubildung des Knochens und des Gelenkknorpels der Extremitäten;C40;True;
C400;C40.0;Bösartige Neubildung des Knochens und des Gelenkknorpels: Skapula und lange Knochen der oberen Extremität;C40;True;True
C401;C40.1;Bösartige Neubildung des Knochens und des Gelenkknorpels: Kurze Knochen der oberen Extremität;C40;True;True
C402;C40.2;Bösartige Neubildung des Knochens und des Gelenkknorpels: Lange Knochen der unteren Extremität;C40;True;True
C403;C40.3;Bösartige Neubildung des Knochens und des Gelenkknorpels: Kurze Knochen der unteren Extremität;C40;True;True
C408;C40.8;Bösartige Neubildung: Knochen und Gelenkknorpel der Extremitäten, mehrere Teilbereiche überlappend;C40;True;True
C409;C40.9;Bösartige Neubildung: Knochen und Gelenkknorpel einer Extremität, nicht näher bezeichnet;C40;True;True
C41;C41;Bösartige Neubildung des Knochens und des Gelenkknorpels sonstiger und nicht näher bezeichneter Lokalisationen;C41;True;
C410;C41.0;Bösartige Neubildung des Knochens und des Gelenkknorpels: Knochen des Hirn- und Gesichtsschädels;C41;True;True
C411;C41.1;Bösartige Neubildung des Knochens und des Gelenkknorpels: Unterkieferknochen;C41;True;True
C412;C41.2;Bösartige Neubildung des Knochens und des Gelenkknorpels: Wirbelsäule;C41;True;True
C413;C41.3;Bösartige Neubildung des Knochens und des Gelenkknorpels: Rippen, Sternum und Klavikula;C41;True;True
C414;C41.4;Bösartige Neubildung des Knochens und des Gelenkknorpels: Beckenknochen;C41;True;True
C418;C41.8;Bösartige Neubildung: Knochen und Gelenkknorpel, mehrere Teilbereiche überlappend;C41;True;True
C419;C41.9;Bösartige Neubildung: Knochen und Gelenkknorpel, nicht näher bezeichnet;C41;True;True
C43;C43;Bösartiges Melanom der Haut;C43;True;
C430;C43.0;Bösartiges Melanom der Lippe;C43;True;True
C431;C43.1;Bösartiges Melanom des Augenlides, einschließlich Kanthus;C43;True;True
C432;C43.2;Bösartiges Melanom des Ohres und des äußeren Gehörganges;C43;True;True
C433;C43.3;Bösartiges Melanom sonstiger und nicht näher bezeichneter Teile des Gesichtes;C43;True;True
C434;C43.4;Bösartiges Melanom der behaarten Kopfhaut und des Halses;C43;True;True
C435;C43.5;Bösartiges Melanom des Rumpfes;C43;True;True
C436;C43.6;Bösartiges Melanom der oberen Extremität, einschließlich Schulter;C43;True;True
C437;C43.7;Bösartiges Melanom der unteren Extremität, einschließlich Hüfte;C43;True;True
C438;C43.8;Bösartiges Melanom der Haut, mehrere Teilbereiche überlappend;C43;True;True
C439;C43.9;Bösartiges Melanom der Haut, nicht näher bezeichnet;C43;True;True
C44;C44;Sonstige bösartige Neubildungen der Haut;C44;True;
C440;C44.0;Sonstige bösartige Neubildungen: Lippenhaut;C44;True;False
C441;C44.1;Sonstige bösartige Neubildungen: Haut des Augenlides, einschließlich Kanthus;C44;True;False
C442;C44.2;Sonstige bösartige Neubildungen: Haut des Ohres und des äußeren Gehörganges;C44;True;False
C443;C44.3;Sonstige bösartige Neubildungen: Haut sonstiger und nicht näher bezeichneter Teile des Gesichtes;C44;True;False
C444;C44.4;Sonstige bösartige Neubildungen: Behaarte Kopfhaut und Haut des Halses;C44;True;False
C445;C44.5;Sonstige bösartige Neubildungen: Haut des Rumpfes;C44;True;False
C446;C44.6;Sonstige bösartige Neubildungen: Haut der oberen Extremität, einschließlich Schulter;C44;True;False
C447;C44.7;Sonstige bösartige Neubildungen: Haut der unteren Extremität, einschließlich Hüfte;C44;True;False
C448;C44.8;Sonstige bösartige Neubildungen: Haut, mehrere Teilbereiche überlappend;C44;True;False
C449;C44.9;Bösartige Neubildung der Haut, nicht näher bezeichnet;C44;True;False
C45;C45;Mesotheliom;C45;True;
C450;C45.0;Mesotheliom der Pleura;C45;True;True
C451;C45.1;Mesotheliom des Peritoneums;C45;True;True
C452;C45.2;Mesotheliom des Perikards;C45;True;True
C457;C45.7;Mesotheliom sonstiger Lokalisationen;C45;True;True
C459;C45.9;Mesotheliom, nicht näher bezeichnet;C45;True;True
C46;C46;Kaposi-Sarkom [Sarcoma idiopathicum multiplex haemorrhagicum];C46;True;
C460;C46.0;Kaposi-Sarkom der Haut;C46;True;True
C461;C46.1;Kaposi-Sarkom des Weichteilgewebes;C46;True;True
C462;C46.2;Kaposi-Sarkom des Gaumens;C46;True;True
C463;C46.3;Kaposi-Sarkom der Lymphknoten;C46;True;True
C467;C46.7;Kaposi-Sarkom sonstiger Lokalisationen;C46;True;True
C468;C46.8;Kaposi-Sarkom mehrerer Organe;C46;True;True
C469;C46.9;Kaposi-Sarkom, nicht näher bezeichnet;C46;True;True
C47;C47;Bösartige Neubildung der peripheren Nerven und des autonomen Nervensystems;C47;True;
C470;C47.0;Bösartige Neubildung: Periphere Nerven des Kopfes, des Gesichtes und des Halses;C47;True;True
C471;C47.1;Bösartige Neubildung: Periphere Nerven der oberen Extremität, einschließlich Schulter;C47;True;True
C472;C47.2;Bösartige Neubildung: Periphere Nerven der unteren Extremität, einschließlich Hüfte;C47;True;True
C473;C47.3;Bösartige Neubildung: Periphere Nerven des Thorax;C47;True;True
C474;C47.4;Bösartige Neubildung: Periphere Nerven des Abdomens;C47;True;True
C475;C47.5;Bösartige Neubildung: Periphere Nerven des Beckens;C47;True;True
C476;C47.6;Bösartige Neubildung: Periphere Nerven des Rumpfes, nicht näher bezeichnet;C47;True;True
C478;C47.8;Bösartige Neubildung: Periphere Nerven und autonomes Nervensystem, mehrere Teilbereiche überlappend;C47;True;True
C479;C47.9;Bösartige Neubildung: Periphere Nerven und autonomes Nervensystem, nicht näher bezeichnet;C47;True;True
C48;C48;Bösartige Neubildung des Retroperitoneums und des Peritoneums;C48;True;
C480;C48.0;Bösartige Neubildung: Retroperitoneum;C48;True;True
C481;C48.1;Bösartige Neubildung: Näher bezeichnete Teile des Peritoneums;C48;True;True
C482;C48.2;Bösartige Neubildung: Peritoneum, nicht näher bezeichnet;C48;True;True
C488;C48.8;Bösartige Neubildung: Retroperitoneum und Peritoneum, mehrere Teilbereiche überlappend;C48;True;True
C49;C49;Bösartige Neubildung sonstigen Bindegewebes und anderer Weichteilgewebe;C49;True;
C490;C49.0;Bösartige Neubildung: Bindegewebe und andere Weichteilgewebe des Kopfes, des Gesichtes und des Halses;C49;True;True
C491;C49.1;Bösartige Neubildung: Bindegewebe und andere Weichteilgewebe der oberen Extremität, einschließlich Schulter;C49;True;True
C492;C49.2;Bösartige Neubildung: Bindegewebe und andere Weichteilgewebe der unteren Extremität, einschließlich Hüfte;C49;True;True
C493;C49.3;Bösartige Neubildung: Bindegewebe und andere Weichteilgewebe des Thorax;C49;True;True
C494;C49.4;Bösartige Neubildung: Bindegewebe und andere Weichteilgewebe des Abdomens;C49;True;True
C495;C49.5;Bösartige Neubildung: Bindegewebe und andere Weichteilgewebe des Beckens;C49;True;True
C496;C49.6;Bösartige Neubildung: Bindegewebe und andere Weichteilgewebe des Rumpfes, nicht näher bezeichnet;C49;True;True
C498;C49.8;Bösartige Neubildung: Bindegewebe und andere Weichteilgewebe, mehrere Teilbereiche überlappend;C49;True;True
C499;C49.9;Bösartige Neubildung: Bindegewebe und andere Weichteilgewebe, nicht näher bezeichnet;C49;True;True
C50;C50;Bösartige Neubildung der Brustdrüse [Mamma];C50;True;
C500;C50.0;Bösartige Neubildung: Brustwarze und Warzenhof;C50;True;True
C501;C50.1;Bösartige Neubildung: Zentraler Drüsenkörper der Brustdrüse;C50;True;True
C502;C50.2;Bösartige Neubildung: Oberer innerer Quadrant der Brustdrüse;C50;True;True
C503;C50.3;Bösartige Neubildung: Unterer innerer Quadrant der Brustdrüse;C50;True;True
C504;C50.4;Bösartige Neubildung: Oberer äußerer Quadrant der Brustdrüse;C50;True;True
C505;C50.5;Bösartige Neubildung: Unterer äußerer Quadrant der Brustdrüse;C50;True;True
C506;C50.6;Bösartige Neubildung: Recessus axillaris der Brustdrüse;C50;True;True
C508;C50.8;Bösartige Neubildung: Brustdrüse, mehrere Teilbereiche überlappend;C50;True;True
C509;C50.9;Bösartige Neubildung: Brustdrüse, nicht näher bezeichnet;C50;True;True
C51;C51;Bösartige Neubildung der Vulva;C51;True;
C510;C51.0;Bösartige Neubildung der Vulva: Labium majus;C51;True;True
C511;C51.1;Bösartige Neubildung der Vulva: Labium minus;C51;True;True
C512;C51.2;Bösartige Neubildung der Vulva: Klitoris;C51;True;True
C518;C51.8;Bösartige Neubildung: Vulva, mehrere Teilbereiche überlappend;C51;True;True
C519;C51.9;Bösartige Neubildung: Vulva, nicht näher bezeichnet;C51;True;True
C52;C52;Bösartige Neubildung der Vagina;C52;True;True
C53;C53;Bösartige Neubildung der Cervix uteri;C53;True;
C530;C53.0;Bösartige Neubildung: Endozervix;C53;True;True
C531;C53.1;Bösartige Neubildung: Ektozervix;C53;True;True
C538;C53.8;Bösartige Neubildung: Cervix uteri, mehrere Teilbereiche überlappend;C53;True;True
C539;C53.9;Bösartige Neubildung: Cervix uteri, nicht näher bezeichnet;C53;True;True
C54;C54;Bösartige Neubildung des Corpus uteri;C54;True;
C540;C54.0;Bösartige Neubildung: Isthmus uteri;C54;True;True
C541;C54.1;Bösartige Neubildung: Endometrium;C54;True;True
C542;C54.2;Bösartige Neubildung: Myometrium;C54;True;True
C543;C54.3;Bösartige Neubildung: Fundus uteri;C54;True;True
C548;C54.8;Bösartige Neubildung: Corpus uteri, mehrere Teilbereiche überlappend;C54;True;True
C549;C54.9;Bösartige Neubildung: Corpus uteri, nicht näher bezeichnet;C54;True;True
C55;C55;Bösartige Neubildung des Uterus, Teil nicht näher bezeichnet;C55;True;True
C56;C56;Bösartige Neubildung des Ovars;C56;True;True
C57;C57;Bösartige Neubildung sonstiger und nicht näher bezeichneter weiblicher Genitalorgane;C57;True;
C570;C57.0;Bösartige Neubildung: Tuba uterina [Falloppio];C57;True;True
C571;C57.1;Bösartige Neubildung: Lig. latum uteri;C57;True;True
C572;C57.2;Bösartige Neubildung: Lig. teres uteri;C57;True;True
C573;C57.3;Bösartige Neubildung: Parametrium;C57;True;True
C574;C57.4;Bösartige Neubildung: Uterine Adnexe, nicht näher bezeichnet;C57;True;True
C577;C57.7;Bösartige Neubildung: Sonstige näher bezeichnete weibliche Genitalorgane;C57;True;True
C578;C57.8;Bösartige Neubildung: Weibliche Genitalorgane, mehrere Teilbereiche überlappend;C57;True;True
C579;C57.9;Bösartige Neubildung: Weibliches Genitalorgan, nicht näher bezeichnet;C57;True;True
C58;C58;Bösartige Neubildung der Plazenta;C58;True;True
C60;C60;Bösartige Neubildung des Penis;C60;True;
C600;C60.0;Bösartige Neubildung: Praeputium penis;C60;True;True
C601;C60.1;Bösartige Neubildung: Glans penis;C60;True;True
C602;C60.2;Bösartige Neubildung: Penisschaft;C60;True;True
C608;C60.8;Bösartige Neubildung: Penis, mehrere Teilbereiche überlappend;C60;True;True
C609;C60.9;Bösartige Neubildung: Penis, nicht näher bezeichnet;C60;True;True
C61;C61;Bösartige Neubildung der Prostata;C61;True;True
C62;C62;Bösartige Neubildung des Hodens;C62;True;
C620;C62.0;Bösartige Neubildung: Dystoper Hoden;C62;True;True
C621;C62.1;Bösartige Neubildung: Deszendierter Hoden;C62;True;True
C629;C62.9;Bösartige Neubildung: Hoden, nicht näher bezeichnet;C62;True;True
C63;C63;Bösartige Neubildung sonstiger und nicht näher bezeichneter männlicher Genitalorgane;C63;True;
C630;C63.0;Bösartige Neubildung: Nebenhoden [Epididymis];C63;True;True
C631;C63.1;Bösartige Neubildung: Samenstrang;C63;True;True
C632;C63.2;Bösartige Neubildung: Skrotum;C63;True;True
C637;C63.7;Bösartige Neubildung: Sonstige näher bezeichnete männliche Genitalorgane;C63;True;True
C638;C63.8;Bösartige Neubildung: Männliche Genitalorgane, mehrere Teilbereiche überlappend;C63;True;True
C639;C63.9;Bösartige Neubildung: Männliches Genitalorgan, nicht näher bezeichnet;C63;True;True
C64;C64;Bösartige Neubildung der Niere, ausgenommen Nierenbecken;C64;True;True
C65;C65;Bösartige Neubildung des Nierenbeckens;C65;True;True
C66;C66;Bösartige Neubildung des Ureters;C66;True;True
C67;C67;Bösartige Neubildung der Harnblase;C67;True;
C670;C67.0;Bösartige Neubildung: Trigonum vesicae;C67;True;True
C671;C67.1;Bösartige Neubildung: Apex vesicae;C67;True;True
C672;C67.2;Bösartige Neubildung: Laterale Harnblasenwand;C67;True;True
C673;C67.3;Bösartige Neubildung: Vordere Harnblasenwand;C67;True;True
C674;C67.4;Bösartige Neubildung: Hintere Harnblasenwand;C67;True;True
C675;C67.5;Bösartige Neubildung: Harnblasenhals;C67;True;True
C676;C67.6;Bösartige Neubildung: Ostium ureteris;C67;True;True
C677;C67.7;Bösartige Neubildung: Urachus;C67;True;True
C678;C67.8;Bösartige Neubildung: Harnblase, mehrere Teilbereiche überlappend;C67;True;True
C679;C67.9;Bösartige Neubildung: Harnblase, nicht näher bezeichnet;C67;True;True
C68;C68;Bösartige Neubildung sonstiger und nicht näher bezeichneter Harnorgane;C68;True;
C680;C68.0;Bösartige Neubildung: Urethra;C68;True;True
C681;C68.1;Bösartige Neubildung: Paraurethrale Drüse;C68;True;True
C688;C68.8;Bösartige Neubildung: Harnorgane, mehrere Teilbereiche überlappend;C68;True;True
C689;C68.9;Bösartige Neubildung: Harnorgan, nicht näher bezeichnet;C68;True;True
C69;C69;Bösartige Neubildung des Auges und der Augenanhangsgebilde;C69;True;
C690;C69.0;Bösartige Neubildung: Konjunktiva;C69;True;True
C691;C69.1;Bösartige Neubildung: Kornea;C69;True;True
C692;C69.2;Bösartige Neubildung: Retina;C69;True;True
C693;C69.3;Bösartige Neubildung: Chorioidea;C69;True;True
C694;C69.4;Bösartige Neubildung: Ziliarkörper;C69;True;True
C695;C69.5;Bösartige Neubildung: Tränendrüse und Tränenwege;C69;True;True
C696;C69.6;Bösartige Neubildung: Orbita;C69;True;True
C698;C69.8;Bösartige Neubildung: Auge und Augenanhangsgebilde, mehrere Teilbereiche überlappend;C69;True;True
C699;C69.9;Bösartige Neubildung: Auge, nicht näher bezeichnet;C69;True;True
C70;C70;Bösartige Neubildung der Meningen;C70;True;
C700;C70.0;Bösartige Neubildung: Hirnhäute;C70;True;True
C701;C70.1;Bösartige Neubildung: Rückenmarkhäute;C70;True;True
C709;C70.9;Bösartige Neubildung: Meningen, nicht näher bezeichnet;C70;True;True
C71;C71;Bösartige Neubildung des Gehirns;C71;True;
C710;C71.0;Bösartige Neubildung: Zerebrum, ausgenommen Hirnlappen und Ventrikel;C71;True;True
C711;C71.1;Bösartige Neubildung: Frontallappen;C71;True;True
C712;C71.2;Bösartige Neubildung: Temporallappen;C71;True;True
C713;C71.3;Bösartige Neubildung: Parietallappen;C71;True;True
C714;C71.4;Bösartige Neubildung: Okzipitallappen;C71;True;True
C715;C71.5;Bösartige Neubildung: Hirnventrikel;C71;True;True
C716;C71.6;Bösartige Neubildung: Zerebellum;C71;True;True
C717;C71.7;Bösartige Neubildung: Hirnstamm;C71;True;True
C718;C71.8;Bösartige Neubildung: Gehirn, mehrere Teilbereiche überlappend;C71;True;True
C719;C71.9;Bösartige Neubildung: Gehirn, nicht näher bezeichnet;C71;True;True
C72;C72;Bösartige Neubildung des Rückenmarkes, der Hirnnerven und anderer Teile des Zentralnervensystems;C72;True;
C720;C72.0;Bösartige Neubildung: Rückenmark;C72;True;True
C721;C72.1;Bösartige Neubildung: Cauda equina;C72;True;True
C722;C72.2;Bösartige Neubildung: Nn. olfactorii [I. Hirnnerv];C72;True;True
C723;C72.3;Bösartige Neubildung: N. opticus [II. Hirnnerv];C72;True;True
C724;C72.4;Bösartige Neubildung: N. vestibulocochlearis [VIII. Hirnnerv];C72;True;True
C725;C72.5;Bösartige Neubildung: Sonstige und nicht näher bezeichnete Hirnnerven;C72;True;True
C728;C72.8;Bösartige Neubildung: Gehirn und andere Teile des Zentralnervensystems, mehrere Teilbereiche überlappend;C72;True;True
C729;C72.9;Bösartige Neubildung: Zentralnervensystem, nicht näher bezeichnet;C72;True;True
C73;C73;Bösartige Neubildung der Schilddrüse;C73;True;True
C74;C74;Bösartige Neubildung der Nebenniere;C74;True;
C740;C74.0;Bösartige Neubildung: Nebennierenrinde;C74;True;True
C741;C74.1;Bösartige Neubildung: Nebennierenmark;C74;True;True
C749;C74.9;Bösartige Neubildung: Nebenniere, nicht näher bezeichnet;C74;True;True
C75;C75;Bösartige Neubildung sonstiger endokriner Drüsen und verwandter Strukturen;C75;True;
C750;C75.0;Bösartige Neubildung: Nebenschilddrüse;C75;True;True
C751;C75.1;Bösartige Neubildung: Hypophyse;C75;True;True
C752;C75.2;Bösartige Neubildung: Ductus craniopharyngealis;C75;True;True
C753;C75.3;Bösartige Neubildung: Epiphyse [Glandula pinealis] [Zirbeldrüse];C75;True;True
C754;C75.4;Bösartige Neubildung: Glomus caroticum;C75;True;True
C755;C75.5;Bösartige Neubildung: Glomus aorticum und sonstige Paraganglien;C75;True;True
C758;C75.8;Bösartige Neubildung: Beteiligung mehrerer endokriner Drüsen, nicht näher bezeichnet;C75;True;True
C759;C75.9;Bösartige Neubildung: Endokrine Drüse, nicht näher bezeichnet;C75;True;True
C76;C76;Bösartige Neubildung sonstiger und ungenau bezeichneter Lokalisationen;C76;True;
C760;C76.0;Bösartige Neubildung ungenau bezeichneter Lokalisationen: Kopf, Gesicht und Hals;C76;True;True
C761;C76.1;Bösartige Neubildung ungenau bezeichneter Lokalisationen: Thorax;C76;True;True
C762;C76.2;Bösartige Neubildung ungenau bezeichneter Lokalisationen: Abdomen;C76;True;True
C763;C76.3;Bösartige Neubildung ungenau bezeichneter Lokalisationen: Becken;C76;True;True
C764;C76.4;Bösartige Neubildung ungenau bezeichneter Lokalisationen: Obere Extremität;C76;True;True
C765;C76.5;Bösartige Neubildung ungenau bezeichneter Lokalisationen: Untere Extremität;C76;True;True
C767;C76.7;Bösartige Neubildung: Sonstige ungenau bezeichnete Lokalisationen;C76;True;True
C768;C76.8;Bösartige Neubildung: Sonstige und ungenau bezeichnete Lokalisationen, mehrere Teilbereiche überlappend;C76;True;True
C77;C77;Sekundäre und nicht näher bezeichnete bösartige Neubildung der Lymphknoten;C77;False;
C770;C77.0;Sekundäre und nicht näher bezeichnete bösartige Neubildung: Lymphknoten des Kopfes, des Gesichtes und des Halses;C77;False;False
C771;C77.1;Sekundäre und nicht näher bezeichnete bösartige Neubildung: Intrathorakale Lymphknoten;C77;False;False
C772;C77.2;Sekundäre und nicht näher bezeichnete bösartige Neubildung: Intraabdominale Lymphknoten;C77;False;False
C773;C77.3;Sekundäre und nicht näher bezeichnete bösartige Neubildung: Axilläre Lymphknoten und Lymphknoten der oberen Extremität;C77;False;False
C774;C77.4;Sekundäre und nicht näher bezeichnete bösartige Neubildung: Inguinale Lymphknoten und Lymphknoten der unteren Extremität;C77;False;False
C775;C77.5;Sekundäre und nicht näher bezeichnete bösartige Neubildung: Intrapelvine Lymphknoten;C77;False;False
C778;C77.8;Sekundäre und nicht näher bezeichnete bösartige Neubildung: Lymphknoten mehrerer Regionen;C77;False;False
C779;C77.9;Sekundäre und nicht näher bezeichnete bösartige Neubildung: Lymphknoten, nicht näher bezeichnet;C77;False;False
C78;C78;Sekundäre bösartige Neubildung der Atmungs- und Verdauungsorgane;C78;False;
C780;C78.0;Sekundäre bösartige Neubildung der Lunge;C78;False;False
C781;C78.1;Sekundäre bösartige Neubildung des Mediastinums;C78;False;False
C782;C78.2;Sekundäre bösartige Neubildung der Pleura;C78;False;False
C783;C78.3;Sekundäre bösartige Neubildung sonstiger und nicht näher bezeichneter Atmungsorgane;C78;False;False
C784;C78.4;Sekundäre bösartige Neubildung des Dünndarmes;C78;False;False
C785;C78.5;Sekundäre bösartige Neubildung des Dickdarmes und des Rektums;C78;False;False
C786;C78.6;Sekundäre bösartige Neubildung des Retroperitoneums und des Peritoneums;C78;False;False
C787;C78.7;Sekundäre bösartige Neubildung der Leber und der intrahepatischen Gallengänge;C78;False;False
C788;C78.8;Sekundäre bösartige Neubildung sonstiger und nicht näher bezeichneter Verdauungsorgane;C78;False;False
C79;C79;Sekundäre bösartige Neubildung an sonstigen und nicht näher bezeichneten Lokalisationen;C79;False;
C790;C79.0;Sekundäre bösartige Neubildung der Niere und des Nierenbeckens;C79;False;False
C791;C79.1;Sekundäre bösartige Neubildung der Harnblase sowie sonstiger und nicht näher bezeichneter Harnorgane;C79;False;False
C792;C79.2;Sekundäre bösartige Neubildung der Haut;C79;False;False
C793;C79.3;Sekundäre bösartige Neubildung des Gehirns und der Hirnhäute;C79;False;False
C794;C79.4;Sekundäre bösartige Neubildung sonstiger und nicht näher bezeichneter Teile des Nervensystems;C79;False;False
C795;C79.5;Sekundäre bösartige Neubildung des Knochens und des Knochenmarkes;C79;False;False
C796;C79.6;Sekundäre bösartige Neubildung des Ovars;C79;False;False
C797;C79.7;Sekundäre bösartige Neubildung der Nebenniere;C79;False;False
C798;C79.8;Sekundäre bösartige Neubildung sonstiger näher bezeichneter Lokalisationen;C79;False;False
C799;C79.9;Sekundäre bösartige Neubildung nicht näher bezeichneter Lokalisation;C79;False;False
C80;C80;Bösartige Neubildung ohne Angabe der Lokalisation;C80;True;True
C800;C80.0;Bösartige Neubildung, primäre Lokalisation unbekannt, so bezeichnet;C80;True;True
C809;C80.9;Bösartige Neubildung, nicht näher bezeichnet;C80;True;True
C81;C81;Hodgkin-Krankheit [Lymphogranulomatose];C81;True;
C810;C81.0;Hodgkin-Krankheit [Lymphogranulomatose]: Noduläres lymphozytenprädominantes Hodgkin-Lymphom;C81;True;True
C811;C81.1;Hodgkin-Krankheit [Lymphogranulomatose]: Nodulär-sklerosierendes klassisches Hodgkin-Lymphom;C81;True;True
C812;C81.2;Hodgkin-Krankheit [Lymphogranulomatose]: Gemischtzelliges klassisches Hodgkin-Lymphom;C81;True;True
C813;C81.3;Hodgkin-Krankheit [Lymphogranulomatose]: Lymphozytenarmes klassisches Hodgkin-Lymphom;C81;True;True
C814;C81.4;Hodgkin-Krankheit [Lymphogranulomatose]: Lymphozytenreiches klassisches Hodgkin-Lymphom;C81;True;True
C817;C81.7;Hodgkin-Krankheit [Lymphogranulomatose]: Sonstige Typen des klassischen Hodgkin-Lymphoms;C81;True;True
C819;C81.9;Hodgkin-Krankheit [Lymphogranulomatose]: Hodgkin-Lymphom, nicht näher bezeichnet;C81;True;True
C82;C82;Follikuläres [noduläres] Non-Hodgkin-Lymphom;C82;True;
C820;C82.0;Follikuläres Lymphom Grad I;C82;True;True
C821;C82.1;Follikuläres Lymphom Grad II;C82;True;True
C822;C82.2;Follikuläres Lymphom Grad III;C82;True;True
C823;C82.3;Follikuläres Lymphom Grad IIIa;C82;True;True
C824;C82.4;Follikuläres Lymphom Grad IIIb;C82;True;True
C825;C82.5;Diffuses Follikelzentrumslymphom;C82;True;True
C826;C82.6;Kutanes Follikelzentrumslymphom;C82;True;True
C827;C82.7;Sonstige Typen des follikulären Lymphoms;C82;True;True
C829;C82.9;Follikuläres Lymphom, nicht näher bezeichnet;C82;True;True
C83;C83;Diffuses Non-Hodgkin-Lymphom;C83;True;
C830;C83.0;Nicht follikuläres Lymphom: Kleinzelliges B-Zell-Lymphom;C83;True;True
C831;C83.1;Nicht follikuläres Lymphom: Mantelzell-Lymphom;C83;True;True
C832;C83.2;Non-Hodgkin-Lymphom: Gemischt klein- und großzellig (diffus);C83;;True
C833;C83.3;Nicht follikuläres Lymphom: Diffuses großzelliges B-Zell-Lymphom;C83;True;True
C834;C83.4;Non-Hodgkin-Lymphom: Immunoblastisch (diffus);C83;;True
C835;C83.5;Nicht follikuläres Lymphom: Lymphoblastisches Lymphom;C83;True;True
C836;C83.6;Non-Hodgkin-Lymphom: Undifferenziert (diffus);C83;;True
C837;C83.7;Nicht follikuläres Lymphom: Burkitt-Tumor;C83;True;True
C838;C83.8;Sonstige nicht follikuläre Lymphome;C83;True;True
C839;C83.9;Nicht follikuläres Lymphom, nicht näher bezeichnet;C83;True;True
C84;C84;Periphere und kutane T-Zell-Lymphome;C84;True;
C840;C84.0;Reifzellige T/NK-Zell-Lymphome: Mycosis fungoides;C84;True;True
C841;C84.1;Reifzellige T/NK-Zell-Lymphome: Sézary-Syndrom;C84;True;True
C842;C84.2;T-Zonen-Lymphom;C84;;True
C843;C84.3;Lymphoepitheloides Lymphom;C84;;True
C844;C84.4;Reifzellige T/NK-Zell-Lymphome: Peripheres T-Zell-Lymphom, nicht spezifiziert;C84;True;True
C845;C84.5;Sonstige reifzellige T/NK-Zell-Lymphome;C84;True;True
C846;C84.6;Reifzellige T/NK-Zell-Lymphome: Anaplastisches großzelliges Lymphom, ALK-positiv;C84;True;True
C847;C84.7;Reifzellige T/NK-Zell-Lymphome: Anaplastisches großzelliges Lymphom, ALK-negativ;C84;True;True
C848;C84.8;Reifzellige T/NK-Zell-Lymphome: Kutanes T-Zell-Lymphom, nicht näher bezeichnet;C84;True;True
C849;C84.9;Reifzelliges T/NK-Zell-Lymphom, nicht näher bezeichnet;C84;True;True
C85;C85;Sonstige und nicht näher bezeichnete Typen des Non-Hodgkin-Lymphoms;C85;True;
C850;C85.0;Lymphosarkom;C85;;True
C851;C85.1;B-Zell-Lymphom, nicht näher bezeichnet;C85;True;True
C852;C85.2;Mediastinales (thymisches) großzelliges B-Zell-Lymphom;C85;True;True
C857;C85.7;Sonstige näher bezeichnete Typen des Non-Hodgkin-Lymphoms;C85;True;True
C859;C85.9;Non-Hodgkin-Lymphom, nicht näher bezeichnet;C85;True;True
C86;C86;Weitere spezifizierte T/NK-Zell-Lymphome;C86;True;
C860;C86.0;Extranodales NK/T-Zell-Lymphom, nasaler Typ;C86;True;True
C861;C86.1;Hepatosplenisches T-Zell-Lymphom;C86;True;True
C862;C86.2;T-Zell-Lymphom vom Enteropathie-Typ;C86;True;True
C863;C86.3;Subkutanes pannikulitisches T-Zell-Lymphom;C86;True;True
C864;C86.4;Blastisches NK-Zell-Lymphom;C86;True;True
C865;C86.5;Angioimmunoblastisches T-Zell-Lymphom;C86;True;True
C866;C86.6;Primäre kutane CD30-positive T-Zell-Proliferationen;C86;True;True
C88;C88;Bösartige immunproliferative Krankheiten;C88;True;
C880;C88.0;Bösartige immunproliferative Krankheiten: Makroglobulinämie Waldenström;C88;True;True
C881;C88.1;Alpha-Schwerkettenkrankheit;C88;;True
C882;C88.2;Bösartige immunproliferative Krankheiten: Sonstige Schwerkettenkrankheit;C88;True;True
C883;C88.3;Bösartige immunproliferative Krankheiten: Immunproliferative Dünndarmkrankheit;C88;True;True
C884;C88.4;Extranodales Marginalzonen-B-Zell-Lymphom des Mukosa-assoziierten lymphatischen Gewebes (Malt-Lymphom);C88;True;True
C887;C88.7;Sonstige bösartige immunproliferative Krankheiten;C88;True;True
C889;C88.9;Bösartige immunproliferative Krankheit, nicht näher bezeichnet;C88;True;True
C90;C90;Plasmozytom und bösartige Plasmazellen-Neubildungen;C90;True;
C900;C90.0;Plasmozytom [Multiples Myelom];C90;True;True
C901;C90.1;Plasmazellenleukämie;C90;True;True
C902;C90.2;Plasmozytom, extramedullär;C90;True;True
C903;C90.3;Solitäres Plasmozytom;C90;True;True
C91;C91;Lymphatische Leukämie;C91;True;
C910;C91.0;Akute lymphatische Leukämie [ALL];C91;True;True
C911;C91.1;Chronische lymphatische Leukämie vom B-Zell-Typ [CLL];C91;True;True
C912;C91.2;Subakute lymphatische Leukämie;C91;;True
C913;C91.3;Prolymphozytäre Leukämie vom B-Zell-Typ;C91;True;True
C914;C91.4;Haarzellenleukämie;C91;True;True
C915;C91.5;Adulte(s) T-Zell-Lymphom/Leukämie (HTLV-1-assoziiert);C91;True;True
C916;C91.6;Prolymphozyten-Leukämie vom T-Zell-Typ;C91;True;True
C917;C91.7;Sonstige lymphatische Leukämie;C91;True;True
C918;C91.8;Reifzellige B-ALL vom Burkitt-Typ;C91;True;True
C919;C91.9;Lymphatische Leukämie, nicht näher bezeichnet;C91;True;True
C92;C92;Myeloische Leukämie;C92;True;
C920;C92.0;Akute myeloblastische Leukämie [AML];C92;True;True
C921;C92.1;Chronische myeloische Leukämie [CML], BCR/ABL-positiv;C92;True;True
C922;C92.2;Atypische chronische myeloische Leukämie, BCR/ABL-negativ;C92;True;True
C923;C92.3;Myelosarkom;C92;True;True
C924;C92.4;Akute Promyelozyten-Leukämie [PCL];C92;True;True
C925;C92.5;Akute myelomonozytäre Leukämie;C92;True;True
C926;C92.6;Akute myeloische Leukämie mit 11q23-Abnormität;C92;True;True
C927;C92.7;Sonstige myeloische Leukämie;C92;True;True
C928;C92.8;Akute myeloische Leukämie mit multilineärer Dysplasie;C92;True;True
C929;C92.9;Myeloische Leukämie, nicht näher bezeichnet;C92;True;True
C93;C93;Monozytenleukämie;C93;True;
C930;C93.0;Akute Monoblasten/Monozytenleukämie;C93;True;True
C931;C93.1;Chronische myelomonozytäre Leukämie;C93;True;True
C932;C93.2;Subakute Monozytenleukämie;C93;True;True
C933;C93.3;Juvenile myelomonozytäre Leukämie;C93;True;True
C937;C93.7;Sonstige Monozytenleukämie;C93;True;True
C939;C93.9;Monozytenleukämie, nicht näher bezeichnet;C93;True;True
C94;C94;Sonstige Leukämien näher bezeichneten Zelltyps;C94;True;
C940;C94.0;Akute Erythroleukämie;C94;True;True
C941;C94.1;Chronische Erythrämie;C94;;True
C942;C94.2;Akute Megakaryoblastenleukämie;C94;True;True
C943;C94.3;Mastzellenleukämie;C94;True;True
C944;C94.4;Akute Panmyelose mit Myelofibrose;C94;True;True
C945;C94.5;Akute Myelofibrose;C94;;True
C946;C94.6;Myelodysplastische und myeloproliferative Krankheit, nicht klassifizierbar;C94;True;True
C947;C94.7;Sonstige näher bezeichnete Leukämien;C94;True;True
C948;C94.8;Blastenkrise bei chronischer myeloischer Leukämie [CML];C94;True;True
C95;C95;Leukämie nicht näher bezeichneten Zelltyps;C95;True;
C950;C95.0;Akute Leukämie nicht näher bezeichneten Zelltyps;C95;True;True
C951;C95.1;Chronische Leukämie nicht näher bezeichneten Zelltyps;C95;True;True
C952;C95.2;Subakute Leukämie nicht näher bezeichneten Zelltyps;C95;;True
C957;C95.7;Sonstige Leukämie nicht näher bezeichneten Zelltyps;C95;True;True
C958;C95.8;Leukämie, refraktär auf Standard-Induktionstherapie;C95;True;True
C959;C95.9;Leukämie, nicht näher bezeichnet;C95;True;True
C96;C96;Sonstige und nicht näher bezeichnete bösartige Neubildungen des lymphatischen, blutbildenden und verwandten Gewebes;C96;True;
C960;C96.0;Multifokale und multisystemische (disseminierte) Langerhans-Zell-Histiozytose [Abt-Letterer-Siwe-Krankheit];C96;True;True
C961;C96.1;Bösartige Histiozytose;C96;;True
C962;C96.2;Bösartiger Mastzelltumor;C96;True;True
C963;C96.3;Echtes histiozytäres Lymphom;C96;;True
C964;C96.4;Sarkom der dendritischen Zellen (akzessorische Zellen);C96;True;True
C965;C96.5;Multifokale und unisystemische Langerhans-Zell-Histiozytose;C96;True;True
C966;C96.6;Unifokale Langerhans-Zell-Histiozytose;C96;True;True
C967;C96.7;Sonstige näher bezeichnete bösartige Neubildungen des lymphatischen, blutbildenden und verwandten Gewebes;C96;True;True
C968;C96.8;Histiozytisches Sarkom;C96;True;True
C969;C96.9;Bösartige Neubildung des lymphatischen, blutbildenden und verwandten Gewebes, nicht näher bezeichnet;C96;True;True
C97;C97;Bösartige Neubildungen als Primärtumoren an mehreren Lokalisationen;C97;False;
D00;D00;Carcinoma in situ der Mundhöhle, des Ösophagus und des Magens;D00;True;
D000;D00.0;Carcinoma in situ: Lippe, Mundhöhle und Pharynx;D00;True;True
D001;D00.1;Carcinoma in situ: Ösophagus;D00;True;True
D002;D00.2;Carcinoma in situ: Magen;D00;True;True
D01;D01;Carcinoma in situ sonstiger und nicht näher bezeichneter Verdauungsorgane;D01;True;
D010;D01.0;Carcinoma in situ: Kolon;D01;True;True
D011;D01.1;Carcinoma in situ: Rektosigmoid, Übergang;D01;True;True
D012;D01.2;Carcinoma in situ: Rektum;D01;True;True
D013;D01.3;Carcinoma in situ: Analkanal und Anus;D01;True;True
D014;D01.4;Carcinoma in situ: Sonstige und nicht näher bezeichnete Teile des Darmes;D01;True;True
D015;D01.5;Carcinoma in situ: Leber, Gallenblase und Gallengänge;D01;True;True
D017;D01.7;Carcinoma in situ: Sonstige näher bezeichnete Verdauungsorgane;D01;True;True
D019;D01.9;Carcinoma in situ: Verdauungsorgan, nicht näher bezeichnet;D01;True;True
D02;D02;Carcinoma in situ des Mittelohres und des Atmungssystems;D02;True;
D020;D02.0;Carcinoma in situ: Larynx;D02;True;True
D021;D02.1;Carcinoma in situ: Trachea;D02;True;True
D022;D02.2;Carcinoma in situ: Bronchus und Lunge;D02;True;True
D023;D02.3;Carcinoma in situ: Sonstige Teile des Atmungssystems;D02;True;True
D024;D02.4;Carcinoma in situ: Atmungssystem, nicht näher bezeichnet;D02;True;True
D03;D03;Melanoma in situ;D03;True;
D030;D03.0;Melanoma in situ der Lippe;D03;True;True
D031;D03.1;Melanoma in situ des Augenlides, einschließlich Kanthus;D03;True;True
D032;D03.2;Melanoma in situ des Ohres und des äußeren Gehörganges;D03;True;True
D033;D03.3;Melanoma in situ sonstiger und nicht näher bezeichneter Teile des Gesichtes;D03;True;True
D034;D03.4;Melanoma in situ der behaarten Kopfhaut und des Halses;D03;True;True
D035;D03.5;Melanoma in situ des Rumpfes;D03;True;True
D036;D03.6;Melanoma in situ der oberen Extremität, einschließlich Schulter;D03;True;True
D037;D03.7;Melanoma in situ der unteren Extremität, einschließlich Hüfte;D03;True;True
D038;D03.8;Melanoma in situ an sonstigen Lokalisationen;D03;True;True
D039;D03.9;Melanoma in situ, nicht näher bezeichnet;D03;True;True
D04;D04;Carcinoma in situ der Haut;D04;True;
D040;D04.0;Carcinoma in situ: Lippenhaut;D04;True;False
D041;D04.1;Carcinoma in situ: Haut des Augenlides, einschließlich Kanthus;D04;True;False
D042;D04.2;Carcinoma in situ: Haut des Ohres und des äußeren Gehörganges;D04;True;False
D043;D04.3;Carcinoma in situ: Haut sonstiger und nicht näher bezeichneter Teile des Gesichtes;D04;True;False
D044;D04.4;Carcinoma in situ: Behaarte Kopfhaut und Haut des Halses;D04;True;False
D045;D04.5;Carcinoma in situ: Haut des Rumpfes;D04;True;False
D046;D04.6;Carcinoma in situ: Haut der oberen Extremität, einschließlich Schulter;D04;True;False
D047;D04.7;Carcinoma in situ: Haut der unteren Extremität, einschließlich Hüfte;D04;True;False
D048;D04.8;Carcinoma in situ: Haut an sonstigen Lokalisationen;D04;True;False
D049;D04.9;Carcinoma in situ: Haut, nicht näher bezeichnet;D04;True;False
D05;D05;Carcinoma in situ der Brustdrüse [Mamma];D05;True;
D050;D05.0;Lobuläres Carcinoma in situ der Brustdrüse;D05;True;True
D051;D05.1;Carcinoma in situ der Milchgänge;D05;True;True
D057;D05.7;Sonstiges Carcinoma in situ der Brustdrüse;D05;True;True
D059;D05.9;Carcinoma in situ der Brustdrüse, nicht näher bezeichnet;D05;True;True
D06;D06;Carcinoma in situ der Cervix uteri;D06;True;
D060;D06.0;Carcinoma in situ: Endozervix;D06;True;True
D061;D06.1;Carcinoma in situ: Ektozervix;D06;True;True
D067;D06.7;Carcinoma in situ: Sonstige Teile der Cervix uteri;D06;True;True
D069;D06.9;Carcinoma in situ: Cervix uteri, nicht näher bezeichnet;D06;True;True
D07;D07;Carcinoma in situ sonstiger und nicht näher bezeichneter Genitalorgane;D07;True;
D070;D07.0;Carcinoma in situ: Endometrium;D07;True;True
D071;D07.1;Carcinoma in situ: Vulva;D07;True;True
D072;D07.2;Carcinoma in situ: Vagina;D07;True;True
D073;D07.3;Carcinoma in situ: Sonstige und nicht näher bezeichnete weibliche Genitalorgane;D07;True;True
D074;D07.4;Carcinoma in situ: Penis;D07;True;True
D075;D07.5;Carcinoma in situ: Prostata;D07;True;True
D076;D07.6;Carcinoma in situ: Sonstige und nicht näher bezeichnete männliche Genitalorgane;D07;True;True
D09;D09;Carcinoma in situ sonstiger und nicht näher bezeichneter Lokalisationen;D09;True;
D090;D09.0;Carcinoma in situ: Harnblase;D09;True;True
D091;D09.1;Carcinoma in situ: Sonstige und nicht näher bezeichnete Harnorgane;D09;True;True
D092;D09.2;Carcinoma in situ: Auge;D09;True;True
D093;D09.3;Carcinoma in situ: Schilddrüse und sonstige endokrine Drüsen;D09;True;True
D097;D09.7;Carcinoma in situ sonstiger näher bezeichneter Lokalisationen;D09;True;True
D099;D09.9;Carcinoma in situ, nicht näher bezeichnet;D09;True;True
D10;D10;Gutartige Neubildung des Mundes und des Pharynx;D10;False;
D100;D10.0;Gutartige Neubildung: Lippe;D10;False;
D101;D10.1;Gutartige Neubildung: Zunge;D10;False;
D102;D10.2;Gutartige Neubildung: Mundboden;D10;False;
D103;D10.3;Gutartige Neubildung: Sonstige und nicht näher bezeichnete Teile des Mundes;D10;False;
D104;D10.4;Gutartige Neubildung: Tonsille;D10;False;
D105;D10.5;Gutartige Neubildung: Sonstige Teile des Oropharynx;D10;False;
D106;D10.6;Gutartige Neubildung: Nasopharynx;D10;False;
D107;D10.7;Gutartige Neubildung: Hypopharynx;D10;False;
D109;D10.9;Gutartige Neubildung: Pharynx, nicht näher bezeichnet;D10;False;
D11;D11;Gutartige Neubildung der großen Speicheldrüsen;D11;False;
D110;D11.0;Gutartige Neubildung: Parotis;D11;False;
D117;D11.7;Gutartige Neubildung: Sonstige große Speicheldrüsen;D11;False;
D119;D11.9;Gutartige Neubildung: Große Speicheldrüse, nicht näher bezeichnet;D11;False;
D12;D12;Gutartige Neubildung des Kolons, des Rektums, des Analkanals und des Anus;D12;False;
D120;D12.0;Gutartige Neubildung: Zäkum;D12;False;
D121;D12.1;Gutartige Neubildung: Appendix vermiformis;D12;False;
D122;D12.2;Gutartige Neubildung: Colon ascendens;D12;False;
D123;D12.3;Gutartige Neubildung: Colon transversum;D12;False;
D124;D12.4;Gutartige Neubildung: Colon descendens;D12;False;
D125;D12.5;Gutartige Neubildung: Colon sigmoideum;D12;False;
D126;D12.6;Gutartige Neubildung: Kolon, nicht näher bezeichnet;D12;False;
D127;D12.7;Gutartige Neubildung: Rektosigmoid, Übergang;D12;False;
D128;D12.8;Gutartige Neubildung: Rektum;D12;False;
D129;D12.9;Gutartige Neubildung: Analkanal und Anus;D12;False;
D13;D13;Gutartige Neubildung sonstiger und ungenau bezeichneter Teile des Verdauungssystems;D13;False;
D130;D13.0;Gutartige Neubildung: Ösophagus;D13;False;
D131;D13.1;Gutartige Neubildung: Magen;D13;False;
D132;D13.2;Gutartige Neubildung: Duodenum;D13;False;
D133;D13.3;Gutartige Neubildung: Sonstige und nicht näher bezeichnete Teile des Dünndarmes;D13;False;
D134;D13.4;Gutartige Neubildung: Leber;D13;False;
D135;D13.5;Gutartige Neubildung: Extrahepatische Gallengänge und Gallenblase;D13;False;
D136;D13.6;Gutartige Neubildung: Pankreas;D13;False;
D137;D13.7;Gutartige Neubildung: Endokriner Drüsenanteil des Pankreas;D13;False;
D139;D13.9;Gutartige Neubildung: Ungenau bezeichnete Lokalisationen innerhalb des Verdauungssystems;D13;False;
D14;D14;Gutartige Neubildung des Mittelohres und des Atmungssystems;D14;False;
D140;D14.0;Gutartige Neubildung: Mittelohr, Nasenhöhle und Nasennebenhöhlen;D14;False;
D141;D14.1;Gutartige Neubildung: Larynx;D14;False;
D142;D14.2;Gutartige Neubildung: Trachea;D14;False;
D143;D14.3;Gutartige Neubildung: Bronchus und Lunge;D14;False;
D144;D14.4;Gutartige Neubildung: Atmungssystem, nicht näher bezeichnet;D14;False;
D15;D15;Gutartige Neubildung sonstiger und nicht näher bezeichneter intrathorakaler Organe;D15;False;
D150;D15.0;Gutartige Neubildung: Thymus;D15;False;
D151;D15.1;Gutartige Neubildung: Herz;D15;False;
D152;D15.2;Gutartige Neubildung: Mediastinum;D15;False;
D157;D15.7;Gutartige Neubildung: Sonstige näher bezeichnete intrathorakale Organe;D15;False;
D159;D15.9;Gutartige Neubildung: Intrathorakales Organ, nicht näher bezeichnet;D15;False;
D16;D16;Gutartige Neubildung des Knochens und des Gelenkknorpels;D16;False;
D160;D16.0;Gutartige Neubildung des Knochens und des Gelenkknorpels: Skapula und lange Knochen der oberen Extremität;D16;False;
D161;D16.1;Gutartige Neubildung des Knochens und des Gelenkknorpels: Kurze Knochen der oberen Extremität;D16;False;
D162;D16.2;Gutartige Neubildung des Knochens und des Gelenkknorpels: Lange Knochen der unteren Extremität;D16;False;
D163;D16.3;Gutartige Neubildung des Knochens und des Gelenkknorpels: Kurze Knochen der unteren Extremität;D16;False;
D164;D16.4;Gutartige Neubildung des Knochens und des Gelenkknorpels: Knochen des Hirn- und Gesichtsschädels;D16;False;
D165;D16.5;Gutartige Neubildung des Knochens und des Gelenkknorpels: Unterkieferknochen;D16;False;
D166;D16.6;Gutartige Neubildung des Knochens und des Gelenkknorpels: Wirbelsäule;D16;False;
D167;D16.7;Gutartige Neubildung des Knochens und des Gelenkknorpels: Rippen, Sternum und Klavikula;D16;False;
D168;D16.8;Gutartige Neubildung des Knochens und des Gelenkknorpels: Knöchernes Becken;D16;False;
D169;D16.9;Gutartige Neubildung: Knochen und Gelenkknorpel, nicht näher bezeichnet;D16;False;
D17;D17;Gutartige Neubildung des Fettgewebes;D17;False;
D170;D17.0;Gutartige Neubildung des Fettgewebes der Haut und der Unterhaut des Kopfes, des Gesichtes und des Halses;D17;False;
D171;D17.1;Gutartige Neubildung des Fettgewebes der Haut und der Unterhaut des Rumpfes;D17;False;
D172;D17.2;Gutartige Neubildung des Fettgewebes der Haut und der Unterhaut der Extremitäten;D17;False;
D173;D17.3;Gutartige Neubildung des Fettgewebes der Haut und der Unterhaut an sonstigen und nicht näher bezeichneten Lokalisationen;D17;False;
D174;D17.4;Gutartige Neubildung des Fettgewebes der intrathorakalen Organe;D17;False;
D175;D17.5;Gutartige Neubildung des Fettgewebes der intraabdominalen Organe;D17;False;
D176;D17.6;Gutartige Neubildung des Fettgewebes des Samenstrangs;D17;False;
D177;D17.7;Gutartige Neubildung des Fettgewebes an sonstigen Lokalisationen;D17;False;
D179;D17.9;Gutartige Neubildung des Fettgewebes, nicht näher bezeichnet;D17;False;
D18;D18;Hämangiom und Lymphangiom;D18;False;
D180;D18.0;Hämangiom;D18;False;
D181;D18.1;Lymphangiom;D18;False;
D19;D19;Gutartige Neubildung des mesothelialen Gewebes;D19;False;
D190;D19.0;Gutartige Neubildung: Mesotheliales Gewebe der Pleura;D19;False;
D191;D19.1;Gutartige Neubildung: Mesotheliales Gewebe des Peritoneums;D19;False;
D197;D19.7;Gutartige Neubildung: Mesotheliales Gewebe an sonstigen Lokalisationen;D19;False;
D199;D19.9;Gutartige Neubildung: Mesotheliales Gewebe, nicht näher bezeichnet;D19;False;
D20;D20;Gutartige Neubildung des Weichteilgewebes des Retroperitoneums und des Peritoneums;D20;False;
D200;D20.0;Gutartige Neubildung: Retroperitoneum;D20;False;
D201;D20.1;Gutartige Neubildung: Peritoneum;D20;False;
D21;D21;Sonstige gutartige Neubildungen des Bindegewebes und anderer Weichteilgewebe;D21;False;
D210;D21.0;Sonstige gutartige Neubildungen: Bindegewebe und andere Weichteilgewebe des Kopfes, des Gesichtes und des Halses;D21;False;
D211;D21.1;Sonstige gutartige Neubildungen: Bindegewebe und andere Weichteilgewebe der oberen Extremität, einschließlich Schulter;D21;False;
D212;D21.2;Sonstige gutartige Neubildungen: Bindegewebe und andere Weichteilgewebe der unteren Extremität, einschließlich Hüfte;D21;False;
D213;D21.3;Sonstige gutartige Neubildungen: Bindegewebe und andere Weichteilgewebe des Thorax;D21;False;
D214;D21.4;Sonstige gutartige Neubildungen: Bindegewebe und andere Weichteilgewebe des Abdomens;D21;False;
D215;D21.5;Sonstige gutartige Neubildungen: Bindegewebe und andere Weichteilgewebe des Beckens;D21;False;
D216;D21.6;Sonstige gutartige Neubildungen: Bindegewebe und andere Weichteilgewebe des Rumpfes, nicht näher bezeichnet;D21;False;
D219;D21.9;Sonstige gutartige Neubildungen: Bindegewebe und andere Weichteilgewebe, nicht näher bezeichnet;D21;False;
D22;D22;Melanozytennävus;D22;False;
D220;D22.0;Melanozytennävus der Lippe;D22;False;
D221;D22.1;Melanozytennävus des Augenlides, einschließlich Kanthus;D22;False;
D222;D22.2;Melanozytennävus des Ohres und des äußeren Gehörganges;D22;False;
D223;D22.3;Melanozytennävus sonstiger und nicht näher bezeichneter Teile des Gesichtes;D22;False;
D224;D22.4;Melanozytennävus der behaarten Kopfhaut und des Halses;D22;False;
D225;D22.5;Melanozytennävus des Rumpfes;D22;False;
D226;D22.6;Melanozytennävus der oberen Extremität, einschließlich Schulter;D22;False;
D227;D22.7;Melanozytennävus der unteren Extremität, einschließlich Hüfte;D22;False;
D229;D22.9;Melanozytennävus, nicht näher bezeichnet;D22;False;
D23;D23;Sonstige gutartige Neubildungen der Haut;D23;False;
D230;D23.0;Sonstige gutartige Neubildungen: Lippenhaut;D23;False;
D231;D23.1;Sonstige gutartige Neubildungen: Haut des Augenlides, einschließlich Kanthus;D23;False;
D232;D23.2;Sonstige gutartige Neubildungen: Haut des Ohres und des äußeren Gehörganges;D23;False;
D233;D23.3;Sonstige gutartige Neubildungen: Haut sonstiger und nicht näher bezeichneter Teile des Gesichtes;D23;False;
D234;D23.4;Sonstige gutartige Neubildungen: Behaarte Kopfhaut und Haut des Halses;D23;False;
D235;D23.5;Sonstige gutartige Neubildungen: Haut des Rumpfes;D23;False;
D236;D23.6;Sonstige gutartige Neubildungen: Haut der oberen Extremität, einschließlich Schulter;D23;False;
D237;D23.7;Sonstige gutartige Neubildungen: Haut der unteren Extremität, einschließlich Hüfte;D23;False;
D239;D23.9;Sonstige gutartige Neubildungen: Haut, nicht näher bezeichnet;D23;False;
D24;D24;Gutartige Neubildung der Brustdrüse [Mamma];D24;False;
D25;D25;Leiomyom des Uterus;D25;False;
D250;D25.0;Submuköses Leiomyom des Uterus;D25;False;
D251;D25.1;Intramurales Leiomyom des Uterus;D25;False;
D252;D25.2;Subseröses Leiomyom des Uterus;D25;False;
D259;D25.9;Leiomyom des Uterus, nicht näher bezeichnet;D25;False;
D26;D26;Sonstige gutartige Neubildungen des Uterus;D26;False;
D260;D26.0;Sonstige gutartige Neubildungen: Cervix uteri;D26;False;
D261;D26.1;Sonstige gutartige Neubildungen: Corpus uteri;D26;False;
D267;D26.7;Sonstige gutartige Neubildungen: Sonstige Teile des Uterus;D26;False;
D269;D26.9;Sonstige gutartige Neubildungen: Uterus, nicht näher bezeichnet;D26;False;
D27;D27;Gutartige Neubildung des Ovars;D27;False;
D28;D28;Gutartige Neubildung sonstiger und nicht näher bezeichneter weiblicher Genitalorgane;D28;False;
D280;D28.0;Gutartige Neubildung: Vulva;D28;False;
D281;D28.1;Gutartige Neubildung: Vagina;D28;False;
D282;D28.2;Gutartige Neubildung: Tubae uterinae und Ligamenta;D28;False;
D287;D28.7;Gutartige Neubildung: Sonstige näher bezeichnete weibliche Genitalorgane;D28;False;
D289;D28.9;Gutartige Neubildung: Weibliches Genitalorgan, nicht näher bezeichnet;D28;False;
D29;D29;Gutartige Neubildung der männlichen Genitalorgane;D29;False;
D290;D29.0;Gutartige Neubildung: Penis;D29;False;
D291;D29.1;Gutartige Neubildung: Prostata;D29;False;
D292;D29.2;Gutartige Neubildung: Hoden;D29;False;
D293;D29.3;Gutartige Neubildung: Nebenhoden;D29;False;
D294;D29.4;Gutartige Neubildung: Skrotum;D29;False;
D297;D29.7;Gutartige Neubildung: Sonstige männliche Genitalorgane;D29;False;
D299;D29.9;Gutartige Neubildung: Männliches Genitalorgan, nicht näher bezeichnet;D29;False;
D30;D30;Gutartige Neubildung der Harnorgane;D30;False;
D300;D30.0;Gutartige Neubildung: Niere;D30;False;False
D301;D30.1;Gutartige Neubildung: Nierenbecken;D30;False;
D302;D30.2;Gutartige Neubildung: Ureter;D30;False;
D303;D30.3;Gutartige Neubildung: Harnblase;D30;False;
D304;D30.4;Gutartige Neubildung: Urethra;D30;False;
D307;D30.7;Gutartige Neubildung: Sonstige Harnorgane;D30;False;
D309;D30.9;Gutartige Neubildung: Harnorgan, nicht näher bezeichnet;D30;False;
D31;D31;Gutartige Neubildung des Auges und der Augenanhangsgebilde;D31;False;
D310;D31.0;Gutartige Neubildung: Konjunktiva;D31;False;
D311;D31.1;Gutartige Neubildung: Kornea;D31;False;
D312;D31.2;Gutartige Neubildung: Retina;D31;False;
D313;D31.3;Gutartige Neubildung: Chorioidea;D31;False;
D314;D31.4;Gutartige Neubildung: Ziliarkörper;D31;False;
D315;D31.5;Gutartige Neubildung: Tränendrüse und Tränenwege;D31;False;
D316;D31.6;Gutartige Neubildung: Orbita, nicht näher bezeichnet;D31;False;
D319;D31.9;Gutartige Neubildung: Auge, nicht näher bezeichnet;D31;False;
D32;D32;Gutartige Neubildung der Meningen;D32;True;
D320;D32.0;Gutartige Neubildung: Hirnhäute;D32;True;True
D321;D32.1;Gutartige Neubildung: Rückenmarkhäute;D32;True;True
D329;D32.9;Gutartige Neubildung: Meningen, nicht näher bezeichnet;D32;True;True
D33;D33;Gutartige Neubildung des Gehirns und anderer Teile des Zentralnervensystems;D33;True;
D330;D33.0;Gutartige Neubildung: Gehirn, supratentoriell;D33;True;True
D331;D33.1;Gutartige Neubildung: Gehirn, infratentoriell;D33;True;True
D332;D33.2;Gutartige Neubildung: Gehirn, nicht näher bezeichnet;D33;True;True
D333;D33.3;Gutartige Neubildung: Hirnnerven;D33;True;True
D334;D33.4;Gutartige Neubildung: Rückenmark;D33;True;True
D337;D33.7;Gutartige Neubildung: Sonstige näher bezeichnete Teile des Zentralnervensystems;D33;True;True
D339;D33.9;Gutartige Neubildung: Zentralnervensystem, nicht näher bezeichnet;D33;True;True
D34;D34;Gutartige Neubildung der Schilddrüse;D34;False;
D35;D35;Gutartige Neubildung sonstiger und nicht näher bezeichneter endokriner Drüsen;D35;False;
D350;D35.0;Gutartige Neubildung: Nebenniere;D35;False;
D351;D35.1;Gutartige Neubildung: Nebenschilddrüse;D35;False;
D352;D35.2;Gutartige Neubildung: Hypophyse;D35;False;True
D353;D35.3;Gutartige Neubildung: Ductus craniopharyngealis;D35;False;True
D354;D35.4;Gutartige Neubildung: Epiphyse [Glandula pinealis] [Zirbeldrüse];D35;False;True
D355;D35.5;Gutartige Neubildung: Glomus caroticum;D35;False;
D356;D35.6;Gutartige Neubildung: Glomus aorticum und sonstige Paraganglien;D35;False;
D357;D35.7;Gutartige Neubildung: Sonstige näher bezeichnete endokrine Drüsen;D35;False;
D358;D35.8;Gutartige Neubildung: Beteiligung mehrerer endokriner Drüsen;D35;False;
D359;D35.9;Gutartige Neubildung: Endokrine Drüse, nicht näher bezeichnet;D35;False;
D36;D36;Gutartige Neubildung an sonstigen und nicht näher bezeichneten Lokalisationen;D36;False;
D360;D36.0;Gutartige Neubildung: Lymphknoten;D36;False;
D361;D36.1;Gutartige Neubildung: Periphere Nerven und autonomes Nervensystem;D36;False;
D367;D36.7;Gutartige Neubildung: Sonstige näher bezeichnete Lokalisationen;D36;False;
D369;D36.9;Gutartige Neubildung an nicht näher bezeichneter Lokalisation;D36;False;
D37;D37;Neubildung unsicheren oder unbekannten Verhaltens der Mundhöhle und der Verdauungsorgane;D37;True;
D370;D37.0;Neubildung unsicheren oder unbekannten Verhaltens: Lippe, Mundhöhle und Pharynx;D37;True;False
D371;D37.1;Neubildung unsicheren oder unbekannten Verhaltens: Magen;D37;True;False
D372;D37.2;Neubildung unsicheren oder unbekannten Verhaltens: Dünndarm;D37;True;False
D373;D37.3;Neubildung unsicheren oder unbekannten Verhaltens: Appendix vermiformis;D37;True;False
D374;D37.4;Neubildung unsicheren oder unbekannten Verhaltens: Kolon;D37;True;False
D375;D37.5;Neubildung unsicheren oder unbekannten Verhaltens: Rektum;D37;True;False
D376;D37.6;Neubildung unsicheren oder unbekannten Verhaltens: Leber, Gallenblase und Gallengänge;D37;True;False
D377;D37.7;Neubildung unsicheren oder unbekannten Verhaltens: Sonstige Verdauungsorgane;D37;True;False
D379;D37.9;Neubildung unsicheren oder unbekannten Verhaltens: Verdauungsorgan, nicht näher bezeichnet;D37;True;False
D38;D38;Neubildung unsicheren oder unbekannten Verhaltens des Mittelohres, der Atmungsorgane und der intrathorakalen Organe;D38;True;
D380;D38.0;Neubildung unsicheren oder unbekannten Verhaltens: Larynx;D38;True;False
D381;D38.1;Neubildung unsicheren oder unbekannten Verhaltens: Trachea, Bronchus und Lunge;D38;True;False
D382;D38.2;Neubildung unsicheren oder unbekannten Verhaltens: Pleura;D38;True;False
D383;D38.3;Neubildung unsicheren oder unbekannten Verhaltens: Mediastinum;D38;True;False
D384;D38.4;Neubildung unsicheren oder unbekannten Verhaltens: Thymus;D38;True;False
D385;D38.5;Neubildung unsicheren oder unbekannten Verhaltens: Sonstige Atmungsorgane;D38;True;False
D386;D38.6;Neubildung unsicheren oder unbekannten Verhaltens: Atmungsorgan, nicht näher bezeichnet;D38;True;False
D39;D39;Neubildung unsicheren oder unbekannten Verhaltens der weiblichen Genitalorgane;D39;True;
D390;D39.0;Neubildung unsicheren oder unbekannten Verhaltens: Uterus;D39;True;False
D391;D39.1;Neubildung unsicheren oder unbekannten Verhaltens: Ovar;D39;True;True
D392;D39.2;Neubildung unsicheren oder unbekannten Verhaltens: Plazenta;D39;True;False
D397;D39.7;Neubildung unsicheren oder unbekannten Verhaltens: Sonstige weibliche Genitalorgane;D39;True;False
D399;D39.9;Neubildung unsicheren oder unbekannten Verhaltens: Weibliches Genitalorgan, nicht näher bezeichnet;D39;True;False
D40;D40;Neubildung unsicheren oder unbekannten Verhaltens der männlichen Genitalorgane;D40;True;
D400;D40.0;Neubildung unsicheren oder unbekannten Verhaltens: Prostata;D40;True;False
D401;D40.1;Neubildung unsicheren oder unbekannten Verhaltens: Hoden;D40;True;False
D407;D40.7;Neubildung unsicheren oder unbekannten Verhaltens: Sonstige männliche Genitalorgane;D40;True;False
D409;D40.9;Neubildung unsicheren oder unbekannten Verhaltens: Männliches Genitalorgan, nicht näher bezeichnet;D40;True;False
D41;D41;Neubildung unsicheren oder unbekannten Verhaltens der Harnorgane;D41;True;
D410;D41.0;Neubildung unsicheren oder unbekannten Verhaltens: Niere;D41;True;False
D411;D41.1;Neubildung unsicheren oder unbekannten Verhaltens: Nierenbecken;D41;True;False
D412;D41.2;Neubildung unsicheren oder unbekannten Verhaltens: Ureter;D41;True;False
D413;D41.3;Neubildung unsicheren oder unbekannten Verhaltens: Urethra;D41;True;False
D414;D41.4;Neubildung unsicheren oder unbekannten Verhaltens: Harnblase;D41;True;True
D417;D41.7;Neubildung unsicheren oder unbekannten Verhaltens: Sonstige Harnorgane;D41;True;False
D419;D41.9;Neubildung unsicheren oder unbekannten Verhaltens: Harnorgan, nicht näher bezeichnet;D41;True;False
D42;D42;Neubildung unsicheren oder unbekannten Verhaltens der Meningen;D42;True;
D420;D42.0;Neubildung unsicheren oder unbekannten Verhaltens: Hirnhäute;D42;True;True
D421;D42.1;Neubildung unsicheren oder unbekannten Verhaltens: Rückenmarkhäute;D42;True;True
D429;D42.9;Neubildung unsicheren oder unbekannten Verhaltens: Meningen, nicht näher bezeichnet;D42;True;True
D43;D43;Neubildung unsicheren oder unbekannten Verhaltens des Gehirns und des Zentralnervensystems;D43;True;
D430;D43.0;Neubildung unsicheren oder unbekannten Verhaltens: Gehirn, supratentoriell;D43;True;True
D431;D43.1;Neubildung unsicheren oder unbekannten Verhaltens: Gehirn, infratentoriell;D43;True;True
D432;D43.2;Neubildung unsicheren oder unbekannten Verhaltens: Gehirn, nicht näher bezeichnet;D43;True;True
D433;D43.3;Neubildung unsicheren oder unbekannten Verhaltens: Hirnnerven;D43;True;True
D434;D43.4;Neubildung unsicheren oder unbekannten Verhaltens: Rückenmark;D43;True;True
D437;D43.7;Neubildung unsicheren oder unbekannten Verhaltens: Sonstige Teile des Zentralnervensystems;D43;True;True
D439;D43.9;Neubildung unsicheren oder unbekannten Verhaltens: Zentralnervensystem, nicht näher bezeichnet;D43;True;True
D44;D44;Neubildung unsicheren oder unbekannten Verhaltens der endokrinen Drüsen;D44;True;
D440;D44.0;Neubildung unsicheren oder unbekannten Verhaltens: Schilddrüse;D44;True;False
D441;D44.1;Neubildung unsicheren oder unbekannten Verhaltens: Nebenniere;D44;True;False
D442;D44.2;Neubildung unsicheren oder unbekannten Verhaltens: Nebenschilddrüse;D44;True;False
D443;D44.3;Neubildung unsicheren oder unbekannten Verhaltens: Hypophyse;D44;True;True
D444;D44.4;Neubildung unsicheren oder unbekannten Verhaltens: Ductus craniopharyngealis;D44;True;True
D445;D44.5;Neubildung unsicheren oder unbekannten Verhaltens: Epiphyse [Glandula pinealis] [Zirbeldrüse];D44;True;True
D446;D44.6;Neubildung unsicheren oder unbekannten Verhaltens: Glomus caroticum;D44;True;False
D447;D44.7;Neubildung unsicheren oder unbekannten Verhaltens: Glomus aorticum und sonstige Paraganglien;D44;True;False
D448;D44.8;Neubildung unsicheren oder unbekannten Verhaltens: Beteiligung mehrerer endokriner Drüsen;D44;True;False
D449;D44.9;Neubildung unsicheren oder unbekannten Verhaltens: Endokrine Drüse, nicht näher bezeichnet;D44;True;False
D45;D45;Polycythaemia vera;D45;True;True
D46;D46;Myelodysplastische Syndrome;D46;True;
D460;D46.0;Refraktäre Anämie ohne Ringsideroblasten, so bezeichnet;D46;True;True
D461;D46.1;Refraktäre Anämie mit Ringsideroblasten;D46;True;True
D462;D46.2;Refraktäre Anämie mit Blastenüberschuss;D46;True;True
D463;D46.3;Refraktäre Anämie mit Blastenüberschuss in Transformation;D46;True;True
D464;D46.4;Refraktäre Anämie, nicht näher bezeichnet;D46;True;True
D465;D46.5;Refraktäre Anämie mit Mehrlinien-Dysplasie;D46;True;True
D466;D46.6;Myelodysplastisches Syndrom mit isolierter del(5q)-Chromosomenanomalie;D46;True;True
D467;D46.7;Sonstige myelodysplastische Syndrome;D46;True;True
D469;D46.9;Myelodysplastisches Syndrom, nicht näher bezeichnet;D46;True;True
D47;D47;Sonstige Neubildungen unsicheren oder unbekannten Verhaltens des lymphatischen, blutbildenden und verwandten Gewebes;D47;True;
D470;D47.0;Histiozyten- und Mastzelltumor unsicheren oder unbekannten Verhaltens;D47;True;False
D471;D47.1;Chronische myeloproliferative Krankheit;D47;True;True
D472;D47.2;Monoklonale Gammopathie unbestimmter Signifikanz [MGUS];D47;True;False
D473;D47.3;Essentielle (hämorrhagische) Thrombozythämie;D47;True;True
D474;D47.4;Osteomyelofibrose;D47;True;True
D475;D47.5;Chronische Eosinophilen-Leukämie [Hypereosinophiles Syndrom];D47;True;True
D477;D47.7;Sonstige näher bezeichnete Neubildungen unsicheren oder unbekannten Verhaltens des lymphatischen, blutbildenden und verwandten Gewebes;D47;True;False
D479;D47.9;Neubildung unsicheren oder unbekannten Verhaltens des lymphatischen, blutbildenden und verwandten Gewebes, nicht näher bezeichnet;D47;True;False
D48;D48;Neubildung unsicheren oder unbekannten Verhaltens an sonstigen und nicht näher bezeichneten Lokalisationen;D48;True;
D480;D48.0;Neubildung unsicheren oder unbekannten Verhaltens: Knochen und Gelenkknorpel;D48;True;False
D481;D48.1;Neubildung unsicheren oder unbekannten Verhaltens: Bindegewebe und andere Weichteilgewebe;D48;True;False
D482;D48.2;Neubildung unsicheren oder unbekannten Verhaltens: Periphere Nerven und autonomes Nervensystem;D48;True;False
D483;D48.3;Neubildung unsicheren oder unbekannten Verhaltens: Retroperitoneum;D48;True;False
D484;D48.4;Neubildung unsicheren oder unbekannten Verhaltens: Peritoneum;D48;True;False
D485;D48.5;Neubildung unsicheren oder unbekannten Verhaltens: Haut;D48;True;False
D486;D48.6;Neubildung unsicheren oder unbekannten Verhaltens: Brustdrüse [Mamma];D48;True;False
D487;D48.7;Neubildung unsicheren oder unbekannten Verhaltens: Sonstige näher bezeichnete Lokalisationen;D48;True;False
D489;D48.9;Neubildung unsicheren oder unbekannten Verhaltens, nicht näher bezeichnet;D48;True;False
